{
  "arc_challenge": {
    "alias": "arc_challenge",
    "acc,none": 0.22184300341296928,
    "acc_stderr,none": 0.012141659068147884,
    "acc_norm,none": 0.2525597269624573,
    "acc_norm_stderr,none": 0.012696728980207704
  },
  "hellaswag": {
    "alias": "hellaswag",
    "acc,none": 0.29994025094602667,
    "acc_stderr,none": 0.004572949924250634,
    "acc_norm,none": 0.3315076677952599,
    "acc_norm_stderr,none": 0.00469792977467032
  },
  "mmlu": {
    "acc,none": 0.23600626691354507,
    "acc_stderr,none": 0.003585097494732495,
    "alias": "mmlu"
  },
  "mmlu_humanities": {
    "acc,none": 0.23974495217853348,
    "acc_stderr,none": 0.006226669273461507,
    "alias": " - humanities"
  },
  "mmlu_formal_logic": {
    "alias": "  - formal_logic",
    "acc,none": 0.18253968253968253,
    "acc_stderr,none": 0.03455071019102146
  },
  "mmlu_high_school_european_history": {
    "alias": "  - high_school_european_history",
    "acc,none": 0.19393939393939394,
    "acc_stderr,none": 0.030874145136562094
  },
  "mmlu_high_school_us_history": {
    "alias": "  - high_school_us_history",
    "acc,none": 0.2549019607843137,
    "acc_stderr,none": 0.03058759135160425
  },
  "mmlu_high_school_world_history": {
    "alias": "  - high_school_world_history",
    "acc,none": 0.23628691983122363,
    "acc_stderr,none": 0.027652153144159274
  },
  "mmlu_international_law": {
    "alias": "  - international_law",
    "acc,none": 0.24793388429752067,
    "acc_stderr,none": 0.039418975265163025
  },
  "mmlu_jurisprudence": {
    "alias": "  - jurisprudence",
    "acc,none": 0.25925925925925924,
    "acc_stderr,none": 0.04236511258094636
  },
  "mmlu_logical_fallacies": {
    "alias": "  - logical_fallacies",
    "acc,none": 0.25153374233128833,
    "acc_stderr,none": 0.034089978868575295
  },
  "mmlu_moral_disputes": {
    "alias": "  - moral_disputes",
    "acc,none": 0.24277456647398843,
    "acc_stderr,none": 0.023083658586984204
  },
  "mmlu_moral_scenarios": {
    "alias": "  - moral_scenarios",
    "acc,none": 0.23575418994413408,
    "acc_stderr,none": 0.014196375686290804
  },
  "mmlu_philosophy": {
    "alias": "  - philosophy",
    "acc,none": 0.2572347266881029,
    "acc_stderr,none": 0.024826171289250888
  },
  "mmlu_prehistory": {
    "alias": "  - prehistory",
    "acc,none": 0.21604938271604937,
    "acc_stderr,none": 0.022899162918445813
  },
  "mmlu_professional_law": {
    "alias": "  - professional_law",
    "acc,none": 0.24185136897001303,
    "acc_stderr,none": 0.010936550813827071
  },
  "mmlu_world_religions": {
    "alias": "  - world_religions",
    "acc,none": 0.29239766081871343,
    "acc_stderr,none": 0.03488647713457923
  },
  "mmlu_other": {
    "acc,none": 0.23945928548439008,
    "acc_stderr,none": 0.007653737668814708,
    "alias": " - other"
  },
  "mmlu_business_ethics": {
    "alias": "  - business_ethics",
    "acc,none": 0.26,
    "acc_stderr,none": 0.044084400227680794
  },
  "mmlu_clinical_knowledge": {
    "alias": "  - clinical_knowledge",
    "acc,none": 0.22264150943396227,
    "acc_stderr,none": 0.02560423347089909
  },
  "mmlu_college_medicine": {
    "alias": "  - college_medicine",
    "acc,none": 0.2254335260115607,
    "acc_stderr,none": 0.03186209851641143
  },
  "mmlu_global_facts": {
    "alias": "  - global_facts",
    "acc,none": 0.16,
    "acc_stderr,none": 0.03684529491774708
  },
  "mmlu_human_aging": {
    "alias": "  - human_aging",
    "acc,none": 0.273542600896861,
    "acc_stderr,none": 0.029918586707798827
  },
  "mmlu_management": {
    "alias": "  - management",
    "acc,none": 0.18446601941747573,
    "acc_stderr,none": 0.03840423627288276
  },
  "mmlu_marketing": {
    "alias": "  - marketing",
    "acc,none": 0.2264957264957265,
    "acc_stderr,none": 0.027421007295392943
  },
  "mmlu_medical_genetics": {
    "alias": "  - medical_genetics",
    "acc,none": 0.32,
    "acc_stderr,none": 0.046882617226215034
  },
  "mmlu_miscellaneous": {
    "alias": "  - miscellaneous",
    "acc,none": 0.2413793103448276,
    "acc_stderr,none": 0.015302380123542075
  },
  "mmlu_nutrition": {
    "alias": "  - nutrition",
    "acc,none": 0.21241830065359477,
    "acc_stderr,none": 0.023420375478296136
  },
  "mmlu_professional_accounting": {
    "alias": "  - professional_accounting",
    "acc,none": 0.24822695035460993,
    "acc_stderr,none": 0.025770015644290396
  },
  "mmlu_professional_medicine": {
    "alias": "  - professional_medicine",
    "acc,none": 0.24632352941176472,
    "acc_stderr,none": 0.02617343857052
  },
  "mmlu_virology": {
    "alias": "  - virology",
    "acc,none": 0.2891566265060241,
    "acc_stderr,none": 0.03529486801511115
  },
  "mmlu_social_sciences": {
    "acc,none": 0.22294442638934026,
    "acc_stderr,none": 0.0075103074465466685,
    "alias": " - social sciences"
  },
  "mmlu_econometrics": {
    "alias": "  - econometrics",
    "acc,none": 0.21052631578947367,
    "acc_stderr,none": 0.0383515395439942
  },
  "mmlu_high_school_geography": {
    "alias": "  - high_school_geography",
    "acc,none": 0.21717171717171718,
    "acc_stderr,none": 0.029376616484945633
  },
  "mmlu_high_school_government_and_politics": {
    "alias": "  - high_school_government_and_politics",
    "acc,none": 0.23834196891191708,
    "acc_stderr,none": 0.030748905363909902
  },
  "mmlu_high_school_macroeconomics": {
    "alias": "  - high_school_macroeconomics",
    "acc,none": 0.2076923076923077,
    "acc_stderr,none": 0.020567539567246787
  },
  "mmlu_high_school_microeconomics": {
    "alias": "  - high_school_microeconomics",
    "acc,none": 0.19747899159663865,
    "acc_stderr,none": 0.02585916412205145
  },
  "mmlu_high_school_psychology": {
    "alias": "  - high_school_psychology",
    "acc,none": 0.21651376146788992,
    "acc_stderr,none": 0.017658710594443145
  },
  "mmlu_human_sexuality": {
    "alias": "  - human_sexuality",
    "acc,none": 0.22137404580152673,
    "acc_stderr,none": 0.03641297081313729
  },
  "mmlu_professional_psychology": {
    "alias": "  - professional_psychology",
    "acc,none": 0.22549019607843138,
    "acc_stderr,none": 0.01690661592728813
  },
  "mmlu_public_relations": {
    "alias": "  - public_relations",
    "acc,none": 0.19090909090909092,
    "acc_stderr,none": 0.03764425585984924
  },
  "mmlu_security_studies": {
    "alias": "  - security_studies",
    "acc,none": 0.2693877551020408,
    "acc_stderr,none": 0.02840125202902294
  },
  "mmlu_sociology": {
    "alias": "  - sociology",
    "acc,none": 0.23880597014925373,
    "acc_stderr,none": 0.030147775935409224
  },
  "mmlu_us_foreign_policy": {
    "alias": "  - us_foreign_policy",
    "acc,none": 0.25,
    "acc_stderr,none": 0.04351941398892446
  },
  "mmlu_stem": {
    "acc,none": 0.23977164605137963,
    "acc_stderr,none": 0.007615114300023603,
    "alias": " - stem"
  },
  "mmlu_abstract_algebra": {
    "alias": "  - abstract_algebra",
    "acc,none": 0.22,
    "acc_stderr,none": 0.041633319989322695
  },
  "mmlu_anatomy": {
    "alias": "  - anatomy",
    "acc,none": 0.2814814814814815,
    "acc_stderr,none": 0.03885004245800254
  },
  "mmlu_astronomy": {
    "alias": "  - astronomy",
    "acc,none": 0.23026315789473684,
    "acc_stderr,none": 0.03426059424403165
  },
  "mmlu_college_biology": {
    "alias": "  - college_biology",
    "acc,none": 0.25,
    "acc_stderr,none": 0.03621034121889507
  },
  "mmlu_college_chemistry": {
    "alias": "  - college_chemistry",
    "acc,none": 0.25,
    "acc_stderr,none": 0.04351941398892446
  },
  "mmlu_college_computer_science": {
    "alias": "  - college_computer_science",
    "acc,none": 0.26,
    "acc_stderr,none": 0.044084400227680794
  },
  "mmlu_college_mathematics": {
    "alias": "  - college_mathematics",
    "acc,none": 0.22,
    "acc_stderr,none": 0.04163331998932269
  },
  "mmlu_college_physics": {
    "alias": "  - college_physics",
    "acc,none": 0.22549019607843138,
    "acc_stderr,none": 0.04158307533083286
  },