{
  "arc_challenge": {
    "alias": "arc_challenge",
    "acc,none": 0.23037542662116042,
    "acc_stderr,none": 0.01230492841874761,
    "acc_norm,none": 0.2721843003412969,
    "acc_norm_stderr,none": 0.013006600406423707
  },
  "hellaswag": {
    "alias": "hellaswag",
    "acc,none": 0.2552280422226648,
    "acc_stderr,none": 0.004350982826580588,
    "acc_norm,none": 0.2658832901812388,
    "acc_norm_stderr,none": 0.0044089948686501
  },
  "mmlu": {
    "acc,none": 0.24113374163224613,
    "acc_stderr,none": 0.0036037830038184843,
    "alias": "mmlu"
  },
  "mmlu_humanities": {
    "acc,none": 0.24803400637619555,
    "acc_stderr,none": 0.00629072288573479,
    "alias": " - humanities"
  },
  "mmlu_formal_logic": {
    "alias": "  - formal_logic",
    "acc,none": 0.19047619047619047,
    "acc_stderr,none": 0.0351220741230205
  },
  "mmlu_high_school_european_history": {
    "alias": "  - high_school_european_history",
    "acc,none": 0.21212121212121213,
    "acc_stderr,none": 0.031922715695483
  },
  "mmlu_high_school_us_history": {
    "alias": "  - high_school_us_history",
    "acc,none": 0.25,
    "acc_stderr,none": 0.03039153369274154
  },
  "mmlu_high_school_world_history": {
    "alias": "  - high_school_world_history",
    "acc,none": 0.26582278481012656,
    "acc_stderr,none": 0.028756799629658342
  },
  "mmlu_international_law": {
    "alias": "  - international_law",
    "acc,none": 0.21487603305785125,
    "acc_stderr,none": 0.037494924487096966
  },
  "mmlu_jurisprudence": {
    "alias": "  - jurisprudence",
    "acc,none": 0.23148148148148148,
    "acc_stderr,none": 0.04077494709252626
  },
  "mmlu_logical_fallacies": {
    "alias": "  - logical_fallacies",
    "acc,none": 0.22085889570552147,
    "acc_stderr,none": 0.032591773927421776
  },
  "mmlu_moral_disputes": {
    "alias": "  - moral_disputes",
    "acc,none": 0.24855491329479767,
    "acc_stderr,none": 0.023267528432100174
  },
  "mmlu_moral_scenarios": {
    "alias": "  - moral_scenarios",
    "acc,none": 0.23798882681564246,
    "acc_stderr,none": 0.014242630070574885
  },
  "mmlu_philosophy": {
    "alias": "  - philosophy",
    "acc,none": 0.1864951768488746,
    "acc_stderr,none": 0.02212243977248077
  },
  "mmlu_prehistory": {
    "alias": "  - prehistory",
    "acc,none": 0.2839506172839506,
    "acc_stderr,none": 0.02508947852376513
  },
  "mmlu_professional_law": {
    "alias": "  - professional_law",
    "acc,none": 0.2627118644067797,
    "acc_stderr,none": 0.01124054551499568
  },
  "mmlu_world_religions": {
    "alias": "  - world_religions",
    "acc,none": 0.3216374269005848,
    "acc_stderr,none": 0.03582529442573122
  },
  "mmlu_other": {
    "acc,none": 0.2349533311876408,
    "acc_stderr,none": 0.007580159187378361,
    "alias": " - other"
  },
  "mmlu_business_ethics": {
    "alias": "  - business_ethics",
    "acc,none": 0.24,
    "acc_stderr,none": 0.04292346959909283
  },
  "mmlu_clinical_knowledge": {
    "alias": "  - clinical_knowledge",
    "acc,none": 0.2188679245283019,
    "acc_stderr,none": 0.02544786382510861
  },
  "mmlu_college_medicine": {
    "alias": "  - college_medicine",
    "acc,none": 0.2658959537572254,
    "acc_stderr,none": 0.033687629322594316
  },
  "mmlu_global_facts": {
    "alias": "  - global_facts",
    "acc,none": 0.21,
    "acc_stderr,none": 0.040936018074033256
  },
  "mmlu_human_aging": {
    "alias": "  - human_aging",
    "acc,none": 0.31390134529147984,
    "acc_stderr,none": 0.03114679648297246
  },
  "mmlu_management": {
    "alias": "  - management",
    "acc,none": 0.17475728155339806,
    "acc_stderr,none": 0.03760178006026621
  },
  "mmlu_marketing": {
    "alias": "  - marketing",
    "acc,none": 0.2948717948717949,
    "acc_stderr,none": 0.029872577708891172
  },
  "mmlu_medical_genetics": {
    "alias": "  - medical_genetics",
    "acc,none": 0.3,
    "acc_stderr,none": 0.046056618647183814
  },
  "mmlu_miscellaneous": {
    "alias": "  - miscellaneous",
    "acc,none": 0.20434227330779056,
    "acc_stderr,none": 0.0144191239809319
  },
  "mmlu_nutrition": {
    "alias": "  - nutrition",
    "acc,none": 0.28431372549019607,
    "acc_stderr,none": 0.025829163272757465
  },
  "mmlu_professional_accounting": {
    "alias": "  - professional_accounting",
    "acc,none": 0.24113475177304963,
    "acc_stderr,none": 0.025518731049537755
  },
  "mmlu_professional_medicine": {
    "alias": "  - professional_medicine",
    "acc,none": 0.18382352941176472,
    "acc_stderr,none": 0.02352924218519311
  },
  "mmlu_virology": {
    "alias": "  - virology",
    "acc,none": 0.1746987951807229,
    "acc_stderr,none": 0.029560326211256833
  },
  "mmlu_social_sciences": {
    "acc,none": 0.23886902827429315,
    "acc_stderr,none": 0.007670938164993141,
    "alias": " - social sciences"
  },
  "mmlu_econometrics": {
    "alias": "  - econometrics",
    "acc,none": 0.23684210526315788,
    "acc_stderr,none": 0.039994238792813344
  },
  "mmlu_high_school_geography": {
    "alias": "  - high_school_geography",
    "acc,none": 0.17676767676767677,
    "acc_stderr,none": 0.027178752639044915
  },
  "mmlu_high_school_government_and_politics": {
    "alias": "  - high_school_government_and_politics",
    "acc,none": 0.22797927461139897,
    "acc_stderr,none": 0.03027690994517826
  },
  "mmlu_high_school_macroeconomics": {
    "alias": "  - high_school_macroeconomics",
    "acc,none": 0.20256410256410257,
    "acc_stderr,none": 0.020377660970371397
  },
  "mmlu_high_school_microeconomics": {
    "alias": "  - high_school_microeconomics",
    "acc,none": 0.3319327731092437,
    "acc_stderr,none": 0.030588697013783663
  },
  "mmlu_high_school_psychology": {
    "alias": "  - high_school_psychology",
    "acc,none": 0.23486238532110093,
    "acc_stderr,none": 0.01817511051034357
  },
  "mmlu_human_sexuality": {
    "alias": "  - human_sexuality",
    "acc,none": 0.2595419847328244,
    "acc_stderr,none": 0.03844876139785271
  },
  "mmlu_professional_psychology": {
    "alias": "  - professional_psychology",
    "acc,none": 0.2630718954248366,
    "acc_stderr,none": 0.017812676542320664
  },
  "mmlu_public_relations": {
    "alias": "  - public_relations",
    "acc,none": 0.24545454545454545,
    "acc_stderr,none": 0.04122066502878284
  },
  "mmlu_security_studies": {
    "alias": "  - security_studies",
    "acc,none": 0.18775510204081633,
    "acc_stderr,none": 0.02500025603954622
  },
  "mmlu_sociology": {
    "alias": "  - sociology",
    "acc,none": 0.24378109452736318,
    "acc_stderr,none": 0.030360490154014652
  },
  "mmlu_us_foreign_policy": {
    "alias": "  - us_foreign_policy",
    "acc,none": 0.26,
    "acc_stderr,none": 0.0440844002276808
  },
  "mmlu_stem": {
    "acc,none": 0.2391373295274342,
    "acc_stderr,none": 0.007591528066423507,
    "alias": " - stem"
  },
  "mmlu_abstract_algebra": {
    "alias": "  - abstract_algebra",
    "acc,none": 0.22,
    "acc_stderr,none": 0.04163331998932269
  },
  "mmlu_anatomy": {
    "alias": "  - anatomy",
    "acc,none": 0.2222222222222222,
    "acc_stderr,none": 0.035914440841969694
  },
  "mmlu_astronomy": {
    "alias": "  - astronomy",
    "acc,none": 0.3026315789473684,
    "acc_stderr,none": 0.03738520676119668
  },
  "mmlu_college_biology": {
    "alias": "  - college_biology",
    "acc,none": 0.2638888888888889,
    "acc_stderr,none": 0.03685651095897532
  },
  "mmlu_college_chemistry": {
    "alias": "  - college_chemistry",
    "acc,none": 0.2,
    "acc_stderr,none": 0.040201512610368445
  },
  "mmlu_college_computer_science": {
    "alias": "  - college_computer_science",
    "acc,none": 0.25,
    "acc_stderr,none": 0.04351941398892446
  },
  "mmlu_college_mathematics": {
    "alias": "  - college_mathematics",
    "acc,none": 0.24,
    "acc_stderr,none": 0.04292346959909282
  },
  "mmlu_college_physics": {
    "alias": "  - college_physics",
    "acc,none": 0.21568627450980393,
    "acc_stderr,none": 0.04092563958237656
  },